wavelength,obs_flux,obs_err,mod_flux
2704.0,9.844038416797864e-08,9.844038416797865e-09,1.472338097541533e-07
3355.0,5.421300793829984e-08,5.421300793829984e-09,2.0104906077189755e-07
4325.0,4.955803560003807e-07,7.222723875663261e-08,5.339813135215197e-07
5308.0,8.436525469963366e-07,9.676907518844832e-08,5.6044841020998e-07
8024.0,8.921211529319859e-07,1.1011654892630129e-07,5.202807690915891e-07
