wavelength,obs_flux,obs_err,mod_flux
0.6231,0.004413080000000001,2.4830400000000002e-05,0.010674811684051842
0.7625,0.00586079,4.46477e-05,0.01942380593141359
