wavelength,obs_flux,obs_err,mod_flux
2704.0,1.1145628848704444e-06,8.460840653710453e-08,9.322586973869371e-07
3355.0,1.1101400938012837e-06,8.74240254364993e-08,1.1435795702879045e-06
4325.0,1.947412797808543e-06,1.1760985949286183e-07,2.0102100634870838e-06
5308.0,1.994832611525737e-06,1.1477176261950286e-07,2.14540577530833e-06
8024.0,2.8096835636826304e-06,1.5915972125021247e-07,2.3801766377482227e-06
