wavelength,obs_flux,obs_err,mod_flux
2704.0,1.8167450376789159e-06,1.933013951129465e-07,1.707725688850573e-06
3355.0,1.714526074678694e-06,1.859051103916009e-07,1.5273675032695919e-06
4325.0,1.5120259650980658e-06,1.621871509288286e-07,1.9944054912969694e-06
5308.0,1.7999148854688145e-06,1.876191246082691e-07,1.5755611993667644e-06
8024.0,1.5093900027368918e-06,1.6496011909504517e-07,1.0144156962353851e-06
