wavelength,obs_flux,obs_err,mod_flux
0.6231,0.0174755,2.3392400000000003e-05,0.013922872184456953
0.7625,0.0219014,2.2850900000000002e-05,0.0240948608482236
