wavelength,obs_flux,obs_err,mod_flux
2704.0,1.6906781119819202e-07,5.3182291679240984e-08,1.4842843240502992e-07
3355.0,1.9020624559839237e-07,6.40141168576272e-08,2.0127921919594044e-07
4325.0,4.0869355912001206e-07,6.515870310976195e-08,5.332743372577512e-07
5308.0,6.093031314157279e-07,7.503322785053716e-08,5.562006049048425e-07
8024.0,1.0000444265093014e-06,1.1882618096509669e-07,5.115056984506354e-07
