wavelength,obs_flux,obs_err,mod_flux
2704.0,4.680778480831654e-07,7.799781219696539e-08,3.140155196365758e-07
3355.0,3.0932476791500205e-07,7.867621264404278e-08,4.14797283997775e-07
4325.0,1.071959515989079e-06,1.2540198600031473e-07,1.0894119988457035e-06
5308.0,1.058641240591111e-06,1.1906157597938435e-07,1.107989945767583e-06
8024.0,1.2090943423063293e-06,1.3691010058478913e-07,9.79949164885281e-07
