wavelength,obs_flux,obs_err,mod_flux
2704.0,1.4553664087942175e-06,9.97184284816055e-08,1.29514618890026e-06
3355.0,1.2972366016644128e-06,9.792425872717765e-08,1.061306708981449e-06
4325.0,1.0170833821495213e-06,8.1298086362285e-08,1.0217703863071367e-06
5308.0,8.229735803422634e-07,6.800094005997857e-08,7.85993439273343e-07
8024.0,5.845657169319371e-07,8.184711571245758e-08,4.74397688596735e-07
