wavelength,obs_flux,obs_err,mod_flux
2704.0,4.680778480831654e-07,6.663656780264745e-08,3.081773039045254e-07
3355.0,3.0932476791500205e-07,7.3975217780471e-08,4.1388982965025864e-07
4325.0,1.071959515989079e-06,8.430556958722581e-08,1.0221660781444533e-06
5308.0,1.058641240591111e-06,7.596215704278389e-08,1.07742139154884e-06
8024.0,1.2090943423063293e-06,8.820463240475675e-08,1.0934031572219736e-06
