wavelength,obs_flux,obs_err,mod_flux
2704.0,1.1145628848704444e-06,1.2835677091306253e-07,6.588057093390578e-07
3355.0,1.1101400938012837e-06,1.299463078833335e-07,8.546380187392509e-07
4325.0,1.947412797808543e-06,2.0560934703447807e-07,2.238569558542159e-06
5308.0,1.994832611525737e-06,2.074071746705908e-07,2.2319963426252743e-06
8024.0,2.8096835636826304e-06,2.907563066016932e-07,1.912335663505192e-06
