wavelength,obs_flux,obs_err,mod_flux
2704.0,3.1743339963708334e-07,6.20983369389246e-08,3.2897834101002134e-07
3355.0,4.049550129427998e-07,6.988334440936547e-08,4.2071213248612144e-07
4325.0,1.1385783341294785e-06,1.26807443396274e-07,1.09959766288078e-06
5308.0,1.0970196213003386e-06,1.198080619866549e-07,1.0786413983085694e-06
8024.0,9.553492591524929e-07,1.1648238848602522e-07,8.992165137934083e-07
