wavelength,obs_flux,obs_err,mod_flux
2704.0,7.948191815675234e-07,9.735885288848754e-08,6.638738629358227e-07
3355.0,5.748732768237889e-07,8.27212085077277e-08,6.747296998293881e-07
4325.0,1.1449346929477033e-06,1.292002698330483e-07,1.1677034563693306e-06
5308.0,9.683965745337127e-07,1.0689428489059045e-07,9.72496380051453e-07
8024.0,7.554338735335087e-07,9.88997777905976e-08,6.626353129695611e-07
