object_id,redshift,log_likelihood,chi2,chi2_red,mass,mass_err_lower,mass_err_upper,age,age_err_lower,age_err_upper,metallicity,metallicity_err_lower,metallicity_err_upper
id_z4p59,4.59,-8.177758637424557,16.82581923752711,2.8043032062545183,8.009620847125031,0.007152668987588484,0.013525677066725805,1.991682931760089,0.012525169026643246,0.006056251925523837,-0.9653380994539539,1.0405106592042452,0.9972745242619003
