object_id,redshift,log_likelihood,chi2,chi2_red,mass,mass_err_lower,mass_err_upper,age,age_err_lower,age_err_upper,metallicity,metallicity_err_lower,metallicity_err_upper,dust,dust_err_lower,dust_err_upper
IC5332_cluster0001_row0000,0.00184,-3.6528490161672273,8.585271678415861,8.585271678415861,4.693058844305272,0.05195513377566208,0.044302820964785994,0.11370829383401432,0.02556363459082503,0.03482407197809387,-0.6076326571528078,0.6017091695248592,0.6205021924944022,1.407393631959029,0.1308380520639747,0.06832217990521205
