wavelength,obs_flux,obs_err,mod_flux
2704.0,2.3540956405592675e-07,5.890296167006994e-08,2.747450821095716e-07
3355.0,4.173911660223458e-07,7.175338869242815e-08,3.310554108485308e-07
4325.0,8.441099514158048e-07,1.0069752066736052e-07,8.32127620315122e-07
5308.0,7.752888188136881e-07,9.027840495632907e-08,7.716120751510784e-07
8024.0,5.829814318829406e-07,8.493732576372232e-08,5.809059693229125e-07
